time;random
0:0.033367;1
0:0.066733;1
0:0.100100;1
0:0.133467;1
0:0.166833;1
0:0.200200;1
0:0.233567;1
0:0.266933;1
0:0.300300;1
0:0.333667;1
0:0.367033;1
0:0.400400;1
0:0.433767;1
0:0.467133;1
0:0.500500;1
0:0.533867;1
0:0.567233;1
0:0.600600;1
0:0.633967;1
0:0.667333;1
0:0.700700;1
0:0.734067;1
0:0.767433;1
0:0.800800;1
0:0.834167;1
0:0.867533;1
0:0.900900;1
0:0.934267;1
0:0.967633;1
0:1.001000;1
0:1.034367;1
0:1.101100;1
0:1.134467;1
0:1.301300;1
0:1.368033;1
0:1.401400;1
0:1.434767;1
0:1.468133;1
0:1.501500;1
0:1.534867;1
0:1.568233;1
0:1.601600;1
0:1.634967;1
0:1.668333;1
0:1.701700;1
0:1.735067;1
0:1.768433;1
0:1.801800;1
0:1.835167;1
0:1.868533;1
0:1.901900;1
0:1.935267;1
0:1.968633;1
0:2.002000;1
0:2.035367;1
0:2.068733;1
0:2.102100;1
0:2.135467;1
0:2.168833;1
0:2.202200;1
0:2.235567;1
0:2.268933;1
0:2.302300;1
0:2.335667;1
0:2.369033;1
0:2.402400;1
0:2.435767;1
0:2.469133;1
0:2.502500;1
0:2.535867;1
0:2.569233;1
0:2.602600;1
0:2.635967;1
0:2.669333;1
0:2.702700;1
0:2.736067;1
0:2.769433;1
0:2.802800;1
0:2.836167;1
0:2.869533;1
0:2.902900;1
0:2.936267;1
0:2.969633;1
0:3.003000;1
0:3.036367;1
0:3.069733;1
0:3.103100;1
0:3.136467;1
0:3.169833;1
0:3.203200;1
0:3.236567;1
0:3.269933;1
0:3.303300;1
0:3.336667;1
0:3.370033;1
0:3.403400;1
0:3.436767;1
0:3.470133;1
0:3.503500;1
0:3.536867;1
0:3.570233;1
0:3.603600;1
0:3.636967;1
0:3.670333;1
0:3.703700;1
0:3.737067;1
0:3.770433;1
0:3.803800;1
0:3.837167;1
0:3.870533;1
0:3.903900;1
0:3.937267;1
0:3.970633;1
0:4.004000;1
0:4.037367;1
0:4.070733;1
0:4.104100;1
0:4.137467;1
0:4.170833;1
0:4.204200;1
0:4.237567;1
0:4.270933;1
0:4.304300;1
0:4.337667;1
0:4.371033;1
0:4.404400;1
0:4.437767;1
0:4.471133;1
0:4.504500;1
0:4.537867;1
0:4.571233;1
0:4.604600;1
0:4.637967;1
0:4.671333;1
0:4.704700;1
0:4.738067;1
0:4.771433;1
0:4.804800;1
0:4.838167;1
0:4.871533;1
0:4.904900;1
0:4.938267;1
0:4.971633;1
0:5.005000;1
0:5.038367;1
0:5.105100;1
0:5.138467;1
0:5.171833;1
0:5.205200;1
0:5.238567;1
0:5.271933;1
0:5.305300;1
0:5.338667;1
0:5.372033;1
0:5.405400;1
0:5.438767;1
0:5.472133;1
0:5.505500;1
0:5.538867;1
0:5.572233;1
0:5.605600;1
0:5.638967;1
0:5.672333;1
0:5.705700;1
0:5.739067;1
0:5.772433;1
0:5.805800;1
0:5.839167;1
0:5.872533;1
0:5.905900;1
0:5.939267;1
0:5.972633;1
0:6.006000;1
0:6.039367;1
0:6.072733;1
0:6.106100;1
0:6.139467;1
0:6.172833;1
0:6.206200;1
0:6.239567;1
0:6.272933;1
0:6.306300;1
0:6.339667;1
0:6.373033;1
0:6.406400;1
0:6.439767;1
0:6.473133;1
0:6.506500;1
0:6.539867;1
0:6.573233;1
0:6.606600;1
0:6.639967;1
0:6.673333;1
0:6.706700;1
0:6.740067;1
0:6.773433;1
0:6.806800;1
0:6.840167;1
0:6.873533;1
0:6.906900;1
0:6.940267;1
0:6.973633;1
0:7.007000;1
0:7.040367;1
0:7.073733;1
0:7.107100;1
0:7.140467;1
0:7.173833;1
0:7.207200;1
0:7.240567;1
0:7.273933;1
0:7.307300;1
0:7.340667;1
0:7.374033;1
0:7.407400;1
0:7.440767;1
0:7.474133;1
0:7.507500;1
0:7.540867;1
0:7.574233;1
0:7.607600;1
0:7.640967;1
0:7.674333;1
0:7.707700;1
0:7.741067;1
0:7.774433;1
0:7.807800;1
0:7.841167;1
0:7.874533;1
0:7.907900;1
0:7.941267;1
0:7.974633;1
0:8.008000;1
0:8.041367;1
0:8.074733;1
0:8.108100;1
0:8.141467;1
0:8.174833;1
0:8.208200;1
0:8.241567;1
0:8.274933;1
0:8.308300;1
0:8.341667;1
0:8.408400;1
0:8.441767;1
0:8.475133;1
0:8.508500;1
0:8.541867;1
0:8.608600;1
0:8.641967;1
0:8.708700;1
0:8.742067;1
0:8.775433;1
0:8.808800;1
0:8.842167;1
0:8.875533;1
0:8.908900;1
0:8.942267;1
0:8.975633;1
0:9.009000;1
0:9.042367;1
0:9.075733;1
0:9.109100;1
0:9.142467;1
0:9.175833;1
0:9.209200;1
0:9.242567;1
0:9.275933;1
0:9.309300;1
0:9.342667;1
0:9.376033;1
0:9.409400;1
0:9.442767;1
0:9.476133;1
0:9.509500;1
0:9.542867;1
0:9.609600;1
0:9.642967;1
0:9.676333;1
0:9.709700;1
0:9.743067;1
0:9.776433;1
0:9.809800;1
0:9.843167;1
0:9.876533;1
0:9.909900;1
0:9.943267;1
0:9.976633;1
0:10.010000;1
0:10.043367;1
0:10.076733;1
0:10.110100;1
0:10.143467;1
0:10.176833;1
0:10.210200;1
0:10.243567;1
0:10.276933;1
0:10.310300;1
0:10.343667;1
0:10.377033;1
0:10.410400;1
0:10.443767;1
0:10.477133;1
0:10.510500;1
0:10.543867;1
0:10.577233;1
0:10.610600;1
0:10.643967;1
0:10.677333;1
0:10.710700;1
0:10.744067;1
0:10.777433;1
0:10.810800;1
0:10.844167;1
0:10.877533;1
0:10.910900;1
0:10.944267;1
0:10.977633;1
0:11.011000;1
0:11.044367;1
0:11.077733;1
0:11.111100;1
0:11.144467;1
0:11.177833;1
0:11.211200;1
0:11.244567;1
0:11.277933;1
0:11.311300;1
0:11.344667;1
0:11.378033;1
0:11.411400;1
0:11.444767;1
0:11.478133;1
0:11.511500;1
0:11.544867;1
0:11.578233;1
0:11.611600;1
0:11.644967;1
0:11.678333;1
0:11.711700;1
0:11.745067;1
0:11.778433;1
0:11.811800;1
0:11.845167;1
0:11.878533;1
0:11.911900;1
0:11.945267;1
0:11.978633;1
0:12.012000;1
0:12.045367;1
0:12.078733;1
0:12.112100;1
0:12.145467;1
0:12.178833;1
0:12.212200;1
0:12.245567;1
0:12.278933;1
0:12.312300;1
0:12.345667;1
0:12.379033;1
0:12.412400;1
0:12.445767;1
0:12.479133;1
0:12.512500;1
0:12.545867;1
0:12.579233;1
0:12.612600;1
0:12.645967;1
0:12.679333;1
0:12.712700;1
0:12.746067;1
0:12.779433;1
0:12.812800;1
0:12.846167;1
0:12.879533;1
0:12.912900;1
0:12.946267;1
0:12.979633;1
0:13.013000;1
0:13.046367;1
0:13.079733;1
0:13.113100;1
0:13.146467;1
0:13.179833;1
0:13.213200;1
0:13.246567;1
0:13.279933;1
0:13.313300;1
0:13.346667;1
0:13.380033;1
0:13.446767;1
0:13.480133;1
0:13.513500;1
0:13.546867;1
0:13.580233;1
0:13.613600;1
0:13.646967;1
0:13.680333;1
0:13.713700;1
0:13.747067;1
0:13.780433;1
0:13.813800;1
0:13.880533;1
0:13.913900;1
0:14.047367;1
0:14.114100;1
0:14.180833;1
0:14.214200;1
0:14.280933;1
0:14.547867;1
0:14.581233;1
0:14.614600;1
0:14.647967;1
0:14.714700;1
0:14.814800;1
0:14.848167;1
0:14.881533;1
0:14.948267;1
0:14.981633;1
0:15.015000;1
0:15.048367;1
0:15.115100;1
0:15.181833;1
0:16.449767;1
0:16.483133;1
0:16.516500;1
0:16.683333;1
0:16.716700;1
0:16.750067;1
0:16.783433;1
0:16.816800;1
0:16.850167;1
0:16.883533;1
0:16.916900;1
0:17.050367;1
0:17.217200;1
0:17.283933;1
0:18.184833;1
0:18.318300;1
0:18.385033;1
0:18.418400;1
0:18.451767;1
0:18.485133;1
0:18.518500;1
0:18.551867;1
0:18.585233;1
0:18.618600;1
0:18.651967;1
0:18.685333;1
0:18.718700;1
0:18.752067;1
0:18.785433;1
0:18.818800;1
0:18.852167;1
0:18.885533;1
0:18.918900;1
0:18.952267;1
0:18.985633;1
0:19.019000;1
0:19.052367;1
0:19.085733;1
0:19.119100;1
0:19.152467;1
0:19.185833;1
0:19.219200;1
0:19.252567;1
0:19.285933;1
0:19.319300;1
0:19.352667;1
0:19.386033;1
0:19.419400;1
0:19.452767;1
0:19.486133;1
0:19.519500;1
0:19.552867;1
0:19.586233;1
0:19.619600;1
0:19.652967;1
0:19.686333;1
0:19.719700;1
0:19.753067;1
0:19.786433;1
0:19.819800;1
0:19.853167;1
0:19.886533;1
0:19.919900;1
0:19.953267;1
0:19.986633;1
0:20.020000;1
0:20.053367;1
0:20.086733;1
0:20.120100;1
0:20.153467;1
0:20.186833;1
0:20.220200;1
0:20.253567;1
0:20.286933;1
0:20.320300;1
0:20.353667;1
0:20.387033;1
0:20.420400;1
0:20.453767;1
0:20.487133;1
0:20.520500;1
0:20.553867;1
0:20.587233;1
0:20.620600;1
0:20.653967;1
0:20.687333;1
0:20.720700;1
0:20.754067;1
0:20.787433;1
0:20.820800;1
0:20.854167;1
0:20.887533;1
0:20.920900;1
0:20.954267;1
0:20.987633;1
0:21.021000;1
0:21.054367;1
0:21.087733;1
0:21.121100;1
0:21.154467;1
0:21.187833;1
0:21.221200;1
0:21.254567;1
0:21.287933;1
0:21.321300;1
0:21.354667;1
0:21.388033;1
0:21.421400;1
0:21.454767;1
0:21.488133;1
0:21.521500;1
0:21.554867;1
0:21.588233;1
0:21.621600;1
0:21.654967;1
0:21.688333;1
0:21.721700;1
0:21.755067;1
0:21.788433;1
0:21.821800;1
0:21.855167;1
0:21.888533;1
0:21.921900;1
0:21.955267;1
0:21.988633;1
0:22.022000;1
0:22.055367;1
0:22.088733;1
0:22.122100;1
0:22.155467;1
0:22.188833;1
0:22.222200;1
0:22.255567;1
0:22.288933;1
0:22.322300;1
0:22.355667;1
0:22.389033;1
0:22.422400;1
0:22.455767;1
0:22.489133;1
0:22.522500;1
0:22.555867;1
0:22.589233;1
0:22.622600;1
0:22.655967;1
0:22.689333;1
0:22.722700;1
0:22.756067;1
0:22.789433;1
0:22.822800;1
0:22.856167;1
0:22.889533;1
0:22.922900;1
0:22.956267;1
0:23.023000;1
0:23.056367;1
0:24.624600;1
0:24.657967;1
0:24.691333;1
0:24.724700;1
0:24.758067;1
0:24.791433;1
0:24.858167;1
0:24.924900;1
0:24.958267;1
0:25.091733;1
0:25.658967;1
0:25.692333;1
0:25.892533;1
0:25.925900;1
0:26.393033;1
0:26.459767;1
0:27.027000;1
0:27.227200;1
0:27.327300;1
0:27.394033;1
0:27.427400;1
0:27.494133;1
0:27.527500;1
0:27.594233;1
0:27.627600;1
0:27.660967;1
0:27.994633;1
0:28.028000;1
0:28.061367;1
0:28.128100;1
0:28.361667;1
0:28.461767;1
0:28.495133;1
0:28.595233;1
0:28.628600;1
0:28.661967;1
0:28.695333;1
0:28.762067;1
0:28.862167;1
0:28.928900;1
0:29.062367;1
0:29.129100;1
0:29.162467;1
0:29.696333;1
0:29.729700;1
0:29.763067;1
0:29.796433;1
0:29.829800;1
0:29.863167;1
0:29.896533;1
0:29.929900;1
0:29.963267;1
0:29.996633;1
0:30.030000;1
0:30.063367;1
0:30.096733;1
0:30.130100;1
0:30.163467;1
0:30.196833;1
0:30.230200;1
0:30.263567;1
0:30.296933;1
0:30.330300;1
0:30.363667;1
0:30.397033;1
0:30.430400;1
0:30.463767;1
0:30.497133;1
0:30.530500;1
0:30.563867;1
0:30.597233;1
0:30.630600;1
0:30.663967;1
0:30.697333;1
0:30.730700;1
0:30.764067;1
0:30.797433;1
0:30.830800;1
0:30.864167;1
0:30.897533;1
0:30.930900;1
0:30.964267;1
0:30.997633;1
0:31.031000;1
0:31.064367;1
0:31.097733;1
0:31.131100;1
0:31.164467;1
0:31.197833;1
0:31.231200;1
0:31.264567;1
0:31.297933;1
0:31.331300;1
0:31.364667;1
0:31.398033;1
0:31.431400;1
0:31.464767;1
0:31.498133;1
0:31.531500;1
0:31.564867;1
0:31.598233;1
0:31.631600;1
0:31.664967;1
0:31.698333;1
0:31.731700;1
0:31.765067;1
0:31.798433;1
0:31.831800;1
0:31.865167;1
0:31.898533;1
0:31.931900;1
0:31.965267;1
0:31.998633;1
0:32.032000;1
0:32.065367;1
0:32.098733;1
0:32.132100;1
0:32.165467;1
0:32.198833;1
0:32.232200;1
0:32.265567;1
0:32.298933;1
0:32.332300;1
0:32.365667;1
0:32.399033;1
0:32.432400;1
0:32.465767;1
0:32.499133;1
0:32.532500;1
0:32.565867;1
0:32.599233;1
0:32.632600;1
0:32.665967;1
0:32.699333;1
0:32.732700;1
0:32.766067;1
0:32.799433;1
0:32.832800;1
0:32.866167;1
0:32.899533;1
0:32.932900;1
0:32.966267;1
0:32.999633;1
0:33.033000;1
0:33.066367;1
0:33.099733;1
0:33.133100;1
0:33.166467;1
0:33.199833;1
0:33.233200;1
0:33.266567;1
0:33.299933;1
0:33.333300;1
0:33.366667;1
0:33.400033;1
0:33.433400;1
0:33.466767;1
0:33.500133;1
0:33.533500;1
0:33.566867;1
0:33.600233;1
0:33.633600;1
0:33.666967;1
0:33.700333;1
0:33.733700;1
0:33.767067;1
0:33.800433;1
0:33.833800;1
0:33.867167;1
0:33.900533;1
0:33.933900;1
0:33.967267;1
0:34.000633;1
0:34.034000;1
0:34.067367;1
0:34.100733;1
0:34.134100;1
0:34.167467;1
0:34.200833;1
0:34.234200;1
0:34.267567;1
0:34.300933;1
0:34.334300;1
0:34.367667;1
0:34.401033;1
0:34.434400;1
0:34.467767;1
0:34.501133;1
0:34.534500;1
0:34.567867;1
0:34.667967;1
0:34.734700;1
0:34.768067;1
0:34.801433;1
0:34.834800;1
0:34.868167;1
0:34.901533;1
0:34.934900;1
0:35.001633;1
0:35.035000;1
0:35.068367;1
0:35.101733;1
0:35.135100;1
0:35.168467;1
0:35.201833;1
0:35.235200;1
0:35.268567;1
0:35.301933;1
0:35.335300;1
0:35.368667;1
0:35.402033;1
0:35.435400;1
0:35.468767;1
0:35.502133;1
0:35.535500;1
0:35.568867;1
0:35.602233;1
0:35.635600;1
0:35.668967;1
0:35.702333;1
0:35.735700;1
0:35.769067;1
0:35.802433;1
0:35.835800;1
0:35.869167;1
0:35.902533;1
0:35.935900;1
0:35.969267;1
0:36.002633;1
0:36.036000;1
0:36.069367;1
0:36.102733;1
0:36.136100;1
0:36.169467;1
0:36.202833;1
0:36.236200;1
0:36.269567;1
0:36.302933;1
0:36.336300;1
0:36.369667;1
0:36.403033;1
0:36.436400;1
0:36.469767;1
0:36.503133;1
0:36.536500;1
0:36.569867;1
0:36.603233;1
0:36.636600;1
0:36.669967;1
0:36.703333;1
0:36.736700;1
0:36.770067;1
0:36.803433;1
0:36.836800;1
0:36.870167;1
0:36.903533;1
0:36.936900;1
0:36.970267;1
0:37.003633;1
0:37.037000;1
0:37.070367;1
0:37.103733;1
0:37.137100;1
0:37.170467;1
0:37.203833;1
0:37.237200;1
0:37.270567;1
0:37.303933;1
0:37.337300;1
0:37.370667;1
0:37.404033;1
0:37.437400;1
0:37.470767;1
0:37.504133;1
0:37.537500;1
0:37.570867;1
0:37.604233;1
0:37.637600;1
0:37.670967;1
0:37.704333;1
0:37.737700;1
0:37.771067;1
0:37.804433;1
0:37.837800;1
0:37.871167;1
0:37.904533;1
0:37.937900;1
0:37.971267;1
0:38.004633;1
0:38.038000;1
0:38.071367;1
0:38.104733;1
0:38.138100;1
0:38.171467;1
0:38.204833;1
0:38.238200;1
0:38.271567;1
0:38.304933;1
0:38.338300;1
0:38.371667;1
0:38.405033;1
0:38.438400;1
0:38.471767;1
0:38.505133;1
0:38.538500;1
0:38.571867;1
0:38.605233;1
0:38.638600;1
0:38.671967;1
0:38.705333;1
0:38.738700;1
0:38.772067;1
0:38.805433;1
0:38.838800;1
0:38.872167;1
0:38.905533;1
0:38.938900;1
0:38.972267;1
0:39.005633;1
0:39.039000;1
0:39.072367;1
0:39.105733;1
0:39.139100;1
0:39.172467;1
0:39.205833;1
0:39.239200;1
0:39.272567;1
0:39.305933;1
0:39.339300;1
0:39.372667;1
0:39.406033;1
0:39.439400;1
0:39.472767;1
0:39.506133;1
0:39.539500;1
0:39.572867;1
0:39.606233;1
0:39.639600;1
0:39.672967;1
0:39.706333;1
0:39.739700;1
0:39.773067;1
0:39.806433;1
0:39.839800;1
0:39.873167;1
0:39.906533;1
0:39.939900;1
0:39.973267;1
0:40.006633;1
0:40.040000;1
0:40.073367;1
0:40.106733;1
0:40.140100;1
0:40.173467;1
0:40.206833;1
0:40.240200;1
0:40.273567;1
0:40.306933;1
0:40.340300;1
0:40.373667;1
0:40.407033;1
0:40.440400;1
0:40.473767;1
0:40.507133;1
0:40.540500;1
0:40.573867;1
0:40.607233;1
0:40.640600;1
0:40.673967;1
0:40.707333;1
0:40.740700;1
0:40.774067;1
0:40.807433;1
0:40.840800;1
0:40.874167;1
0:40.907533;1
0:40.940900;1
0:40.974267;1
0:41.007633;1
0:41.041000;1
0:41.074367;1
0:41.107733;1
0:41.141100;1
0:41.174467;1
0:41.207833;1
0:41.241200;1
0:41.274567;1
0:41.307933;1
0:41.341300;1
0:41.374667;1
0:41.408033;1
0:41.441400;1
0:41.474767;1
0:41.508133;1
0:41.541500;1
0:41.574867;1
0:41.608233;1
0:41.641600;1
0:41.674967;1
0:41.708333;1
0:41.741700;1
0:41.875167;1
0:41.908533;1
0:41.941900;1
0:41.975267;1
0:42.008633;1
0:42.042000;1
0:42.075367;1
0:42.108733;1
0:42.142100;1
0:42.175467;1
0:42.208833;1
0:42.242200;1
0:42.275567;1
0:42.308933;1
0:42.342300;1
0:42.375667;1
0:42.409033;1
0:42.442400;1
0:42.475767;1
0:42.509133;1
0:42.542500;1
0:42.575867;1
0:42.609233;1
0:42.642600;1
0:42.675967;1
0:42.709333;1
0:42.742700;1
0:42.776067;1
0:42.809433;1
0:42.842800;1
0:42.876167;1
0:42.909533;1
0:42.942900;1
0:42.976267;1
0:43.009633;1
0:43.043000;1
0:43.076367;1
0:43.109733;1
0:43.143100;1
0:43.176467;1
0:43.209833;1
0:43.243200;1
0:43.276567;1
0:43.309933;1
0:43.343300;1
0:43.376667;1
0:43.410033;1
0:43.443400;1
0:43.476767;1
0:43.510133;1
0:43.543500;1
0:43.576867;1
0:43.610233;1
0:43.643600;1
0:43.676967;1
0:43.710333;1
0:43.743700;1
0:43.777067;1
0:43.810433;1
0:43.843800;1
0:43.877167;1
0:43.910533;1
0:43.943900;1
0:43.977267;1
0:44.010633;1
0:44.044000;1
0:44.077367;1
0:44.110733;1
0:44.144100;1
0:44.177467;1
0:44.210833;1
0:44.244200;1
0:44.277567;1
0:44.310933;1
0:44.344300;1
0:44.377667;1
0:44.411033;1
0:44.444400;1
0:44.477767;1
0:44.511133;1
0:44.544500;1
0:44.577867;1
0:44.611233;1
0:44.644600;1
0:44.677967;1
0:44.711333;1
0:44.744700;1
0:44.778067;1
0:44.811433;1
0:44.844800;1
0:44.878167;1
0:44.911533;1
0:44.944900;1
0:44.978267;1
0:45.011633;1
0:45.045000;1
0:45.078367;1
0:45.111733;1
0:45.145100;1
0:45.178467;1
0:45.211833;1
0:45.245200;1
0:45.278567;1
0:45.311933;1
0:45.345300;1
0:45.378667;1
0:45.412033;1
0:45.445400;1
0:45.478767;1
0:45.512133;1
0:45.545500;1
0:45.578867;1
0:45.612233;1
0:45.645600;1
0:45.678967;1
0:45.712333;1
0:45.745700;1
0:45.779067;1
0:45.812433;1
0:45.845800;1
0:45.879167;1
0:45.912533;1
0:45.945900;1
0:45.979267;1
0:46.012633;1
0:46.046000;1
0:46.079367;1
0:46.112733;1
0:46.146100;1
0:46.179467;1
0:46.212833;1
0:46.246200;1
0:46.279567;1
0:46.312933;1
0:46.346300;1
0:46.379667;1
0:46.413033;1
0:46.446400;1
0:46.479767;1
0:46.513133;1
0:46.546500;1
0:46.579867;1
0:46.613233;1
0:46.646600;1
0:46.679967;1
0:46.713333;1
0:46.746700;1
0:46.780067;1
0:46.813433;1
0:46.846800;1
0:46.880167;1
0:46.913533;1
0:46.946900;1
0:46.980267;1
0:47.013633;1
0:47.047000;1
0:47.080367;1
0:47.113733;1
0:47.147100;1
0:47.180467;1
0:47.213833;1
0:47.247200;1
0:47.280567;1
0:47.313933;1
0:47.347300;1
0:47.380667;1
0:47.414033;1
0:47.447400;1
0:47.480767;1
0:47.514133;1
0:47.547500;1
0:47.580867;1
0:47.614233;1
0:47.647600;1
0:47.680967;1
0:47.714333;1
0:47.747700;1
0:47.781067;1
0:47.814433;1
0:47.847800;1
0:47.881167;1
0:47.914533;1
0:47.947900;1
0:47.981267;1
0:48.014633;1
0:48.048000;1
0:48.081367;1
0:48.114733;1
0:48.148100;1
0:48.181467;1
0:48.214833;1
0:48.248200;1
0:48.281567;1
0:48.314933;1
0:48.348300;1
0:48.381667;1
0:48.415033;1
0:48.448400;1
0:48.481767;1
0:48.515133;1
0:48.548500;1
0:48.581867;1
0:48.615233;1
0:48.648600;1
0:48.681967;1
0:48.715333;1
0:48.748700;1
0:48.782067;1
0:48.815433;1
0:48.848800;1
0:48.882167;1
0:48.915533;1
0:48.948900;1
0:48.982267;1
0:49.015633;1
0:49.282567;1
0:49.315933;1
0:49.349300;1
0:49.416033;1
0:49.449400;1
0:49.482767;1
0:49.516133;1
0:49.549500;1
0:49.582867;1
0:49.616233;1
0:49.649600;1
0:49.716333;1
0:49.749700;1
0:49.783067;1
0:49.816433;1
0:49.849800;1
0:49.916533;1
0:49.949900;1
0:49.983267;1
0:50.016633;1
0:50.050000;1
0:50.316933;1
0:50.350300;1
0:50.550500;1
0:50.583867;1
0:50.617233;1
0:50.683967;1
0:50.717333;1
0:50.750700;1
0:50.784067;1
0:50.817433;1
0:50.850800;1
0:50.917533;1
0:50.950900;1
0:50.984267;1
0:51.017633;1
0:51.051000;1
0:51.084367;1
0:51.117733;1
0:51.184467;1
0:51.217833;1
0:51.284567;1
0:51.317933;1
0:51.351300;1
0:51.384667;1
0:51.451400;1
0:51.484767;1
0:51.518133;1
0:51.551500;1
0:51.584867;1
0:51.618233;1
0:51.651600;1
0:51.684967;1
0:51.718333;1
0:51.751700;1
0:51.785067;1
0:51.818433;1
0:51.851800;1
0:51.885167;1
0:51.918533;1
0:51.951900;1
0:51.985267;1
0:52.018633;1
0:52.052000;1
0:52.085367;1
0:52.118733;1
0:52.152100;1
0:52.185467;1
0:52.218833;1
0:52.252200;1
0:52.285567;1
0:52.318933;1
0:52.352300;1
0:52.385667;1
0:52.419033;1
0:52.452400;1
0:52.485767;1
0:52.519133;1
0:52.552500;1
0:52.585867;1
0:52.619233;1
0:52.652600;1
0:52.685967;1
0:52.719333;1
0:52.752700;1
0:52.786067;1
0:52.819433;1
0:52.852800;1
0:52.886167;1
0:52.919533;1
0:52.952900;1
0:52.986267;1
0:53.019633;1
0:53.053000;1
0:53.086367;1
0:53.119733;1
0:53.153100;1
0:53.186467;1
0:53.219833;1
0:53.253200;1
0:53.286567;1
0:53.319933;1
0:53.353300;1
0:53.386667;1
0:53.420033;1
0:53.453400;1
0:53.486767;1
0:53.520133;1
0:53.553500;1
0:53.586867;1
0:53.620233;1
0:53.720333;1
0:53.753700;1
0:53.987267;1
0:54.020633;1
0:54.054000;1
0:54.087367;1
0:54.154100;1
0:54.220833;1
0:54.287567;1
0:54.354300;1
0:54.387667;1
0:54.421033;1
0:54.487767;1
0:54.587867;1
0:54.621233;1
0:54.654600;1
0:54.687967;1
0:54.754700;1
0:54.788067;1
0:54.821433;1
0:54.854800;1
0:54.888167;1
0:54.921533;1
0:54.954900;1
0:54.988267;1
0:55.021633;1
0:55.055000;1
0:55.088367;1
0:55.121733;1
0:55.155100;1
0:55.221833;1
0:55.255200;1
0:55.288567;1
0:55.321933;1
0:55.355300;1
0:55.388667;1
0:55.422033;1
0:55.455400;1
0:55.488767;1
0:55.522133;1
0:55.555500;1
0:55.588867;1
0:55.622233;1
0:55.655600;1
0:55.688967;1
0:55.789067;1
0:55.822433;1
0:55.855800;1
0:55.889167;1
0:55.922533;1
0:55.989267;1
0:56.089367;1
0:56.122733;1
0:56.156100;1
0:56.189467;1
0:56.222833;1
0:56.256200;1
0:56.289567;1
0:56.356300;1
0:56.389667;1
0:56.423033;1
0:56.456400;1
0:56.489767;1
0:56.523133;1
0:56.556500;1
0:56.589867;1
0:56.623233;1
0:56.656600;1
0:56.689967;1
0:56.723333;1
0:56.756700;1
0:56.790067;1
0:56.823433;1
0:56.856800;1
0:56.890167;1
0:56.923533;1
0:57.023633;1
0:57.057000;1
0:57.891167;1
0:57.924533;1
0:57.991267;1
0:58.024633;1
0:58.058000;1
0:58.091367;1
0:58.124733;1
0:58.158100;1
0:58.291567;1
0:58.324933;1
0:58.358300;1
0:58.391667;1
0:58.591867;1
0:58.658600;1
0:58.691967;1
0:58.725333;1
0:58.758700;1
0:58.792067;1
0:58.858800;1
0:58.892167;1
0:58.925533;1
0:58.958900;1
0:58.992267;1
0:59.025633;1
0:59.059000;1
0:59.092367;1
0:59.159100;1
0:59.192467;1
0:59.225833;1
0:59.259200;1
0:59.292567;1
0:59.325933;1
0:59.359300;1
0:59.392667;1
0:59.426033;1
0:59.459400;1
0:59.492767;1
0:59.526133;1
0:59.559500;1
0:59.659600;1
0:59.692967;1
0:59.726333;1
0:59.759700;1
0:59.793067;1
0:59.826433;1
0:59.859800;1
0:59.893167;1
0:59.926533;1
0:59.959900;1
0:59.993267;1
1:0.026633;1
1:0.060000;1
1:0.093367;1
1:0.126733;1
1:0.160100;1
1:0.193467;1
1:0.226833;1
1:0.260200;1
1:0.293567;1
1:0.326933;1
1:0.360300;1
1:0.393667;1
1:0.427033;1
1:0.460400;1
1:0.493767;1
1:0.527133;1
1:0.560500;1
1:0.593867;1
1:0.627233;1
1:0.660600;1
1:0.693967;1
1:0.727333;1
1:0.760700;1
1:0.794067;1
1:0.827433;1
1:0.860800;1
1:0.894167;1
1:0.927533;1
1:0.960900;1
1:0.994267;1
1:1.027633;1
1:1.061000;1
1:1.094367;1
1:1.127733;1
1:1.161100;1
1:1.194467;1
1:1.227833;1
1:1.261200;1
1:1.294567;1
1:1.327933;1
1:1.361300;1
1:1.394667;1
1:1.428033;1
1:1.461400;1
1:1.494767;1
1:1.528133;1
1:1.561500;1
1:1.594867;1
1:1.628233;1
1:1.661600;1
1:1.694967;1
1:1.728333;1
1:1.761700;1
1:1.795067;1
1:1.828433;1
1:1.861800;1
1:1.895167;1
1:1.928533;1
1:1.961900;1
1:1.995267;1
1:2.028633;1
1:2.062000;1
1:2.095367;1
1:2.128733;1
1:2.162100;1
1:2.195467;1
1:2.228833;1
1:2.262200;1
1:2.295567;1
1:2.328933;1
1:2.362300;1
1:2.395667;1
1:2.429033;1
1:2.462400;1
1:2.495767;1
1:2.529133;1
1:2.562500;1
1:2.595867;1
1:2.629233;1
1:2.662600;1
1:2.695967;1
1:2.729333;1
1:2.762700;1
1:2.796067;1
1:2.829433;1
1:2.862800;1
1:2.896167;1
1:2.929533;1
1:2.962900;1
1:2.996267;1
1:3.029633;1
1:3.063000;1
1:3.096367;1
1:3.129733;1
1:3.163100;1
1:3.196467;1
1:3.229833;1
1:3.263200;1
1:3.296567;1
1:3.329933;1
1:3.363300;1
1:3.396667;1
1:3.430033;1
1:3.463400;1
1:3.496767;1
1:3.530133;1
1:3.563500;1
1:3.596867;1
1:3.630233;1
1:3.663600;1
1:3.696967;1
1:3.730333;1
1:3.763700;1
1:3.797067;1
1:3.830433;1
1:3.863800;1
1:3.897167;1
1:3.930533;1
1:3.963900;1
1:3.997267;1
1:4.030633;1
1:4.064000;1
1:4.097367;1
1:4.130733;1
1:4.164100;1
1:4.197467;1
1:4.230833;1
1:4.264200;1
1:4.297567;1
1:4.330933;1
1:4.364300;1
1:4.397667;1
1:4.431033;1
1:4.464400;1
1:4.497767;1
1:4.531133;1
1:4.564500;1
1:4.597867;1
1:4.631233;1
1:4.664600;1
1:4.697967;1
1:4.731333;1
1:4.764700;1
1:4.798067;1
1:4.831433;1
1:4.864800;1
1:4.898167;1
1:4.931533;1
1:4.964900;1
1:4.998267;1
1:5.031633;1
1:5.065000;1
1:5.098367;1
1:5.131733;1
1:5.165100;1
1:5.198467;1
1:5.231833;1
1:5.265200;1
1:5.298567;1
1:5.331933;1
1:5.365300;1
1:5.398667;1
1:5.432033;1
1:5.465400;1
1:5.498767;1
1:5.532133;1
1:5.565500;1
1:5.598867;1
1:5.632233;1
1:5.665600;1
1:5.698967;1
1:5.732333;1
1:5.765700;1
1:5.799067;1
1:5.832433;1
1:5.865800;1
1:5.899167;1
1:5.932533;1
1:5.965900;1
1:5.999267;1
1:6.032633;1
1:6.066000;1
1:6.099367;1
1:6.132733;1
1:6.166100;1
1:6.199467;1
1:6.232833;1
1:6.266200;1
1:6.299567;1
1:6.332933;1
1:6.366300;1
1:6.399667;1
1:6.433033;1
1:6.466400;1
1:6.499767;1
1:6.533133;1
1:6.566500;1
1:6.599867;1
1:6.633233;1
1:6.666600;1
1:6.699967;1
1:6.733333;1
1:6.766700;1
1:6.800067;1
1:6.833433;1
1:6.866800;1
1:6.900167;1
1:6.933533;1
1:6.966900;1
1:7.000267;1
1:7.033633;1
1:7.067000;1
1:7.100367;1
1:7.133733;1
1:7.167100;1
1:7.200467;1
1:7.233833;1
1:7.267200;1
1:7.300567;1
1:7.333933;1
1:7.367300;1
1:7.400667;1
1:7.434033;1
1:7.467400;1
1:7.500767;1
1:7.534133;1
1:7.567500;1
1:7.600867;1
1:7.634233;1
1:7.667600;1
1:7.700967;1
1:7.734333;1
1:7.767700;1
1:7.801067;1
1:7.834433;1
1:7.867800;1
1:7.901167;1
1:7.934533;1
1:7.967900;1
1:8.001267;1
1:8.034633;1
1:8.068000;1
1:8.101367;1
1:8.134733;1
1:8.168100;1
1:8.201467;1
1:8.234833;1
1:8.268200;1
1:8.301567;1
1:8.334933;1
1:8.368300;1
1:8.401667;1
1:8.435033;1
1:8.468400;1
1:8.501767;1
1:8.535133;1
1:8.568500;1
1:8.601867;1
1:8.635233;1
1:8.668600;1
1:8.701967;1
1:8.735333;1
1:8.768700;1
1:8.802067;1
1:8.835433;1
1:8.868800;1
1:8.902167;1
1:8.935533;1
1:8.968900;1
1:9.002267;1
1:9.035633;1
1:9.069000;1
1:9.102367;1
1:9.135733;1
1:9.169100;1
1:9.202467;1
1:9.235833;1
1:9.269200;1
1:9.302567;1
1:9.335933;1
1:9.369300;1
1:9.402667;1
1:9.436033;1
1:9.469400;1
1:9.502767;1
1:9.536133;1
1:9.569500;1
1:9.602867;1
1:9.636233;1
1:9.669600;1
1:9.702967;1
1:9.736333;1
1:9.769700;1
1:9.803067;1
1:9.836433;1
1:9.869800;1
1:9.903167;1
1:9.936533;1
1:9.969900;1
1:10.003267;1
1:10.036633;1
1:10.070000;1
1:10.103367;1
1:10.136733;1
1:10.170100;1
1:10.203467;1
1:10.236833;1
1:10.270200;1
1:10.303567;1
1:10.336933;1
1:10.370300;1
1:10.403667;1
1:10.437033;1
1:10.470400;1
1:10.503767;1
1:10.537133;1
1:10.570500;1
1:10.603867;1
1:10.637233;1
1:10.670600;1
1:10.703967;1
1:10.737333;1
1:10.770700;1
1:10.804067;1
1:10.837433;1
1:10.870800;1
1:10.904167;1
1:10.937533;1
1:10.970900;1
1:11.004267;1
1:11.037633;1
1:11.071000;1
1:11.104367;1
1:11.137733;1
1:11.204467;1
1:11.237833;1
1:11.337933;1
1:11.438033;1
1:11.471400;1
1:11.504767;1
1:11.538133;1
1:11.571500;1
1:11.604867;1
1:11.638233;1
1:11.671600;1
1:11.704967;1
1:11.738333;1
1:11.771700;1
1:11.805067;1
1:11.838433;1
1:11.871800;1
1:11.905167;1
1:11.938533;1
1:11.971900;1
1:12.038633;1
1:12.072000;1
1:12.105367;1
1:12.172100;1
1:12.205467;1
1:12.238833;1
1:12.272200;1
1:12.305567;1
1:12.338933;1
1:12.372300;1
1:12.405667;1
1:12.439033;1
1:12.472400;1
1:12.505767;1
1:12.539133;1
1:12.572500;1
1:12.605867;1
1:12.639233;1
1:12.672600;1
1:12.705967;1
1:12.739333;1
1:12.772700;1
1:12.806067;1
1:12.839433;1
1:12.872800;1
1:12.906167;1
1:12.939533;1
1:12.972900;1
1:13.006267;1
1:13.039633;1
1:13.073000;1
1:13.106367;1
1:13.139733;1
1:13.173100;1
1:13.206467;1
1:13.239833;1
1:13.273200;1
1:13.306567;1
1:13.339933;1
1:13.373300;1
1:13.440033;1
1:13.473400;1
1:13.506767;1
1:13.540133;1
1:13.573500;1
1:13.606867;1
1:13.640233;1
1:13.673600;1
1:13.706967;1
1:13.740333;1
1:13.773700;1
1:13.807067;1
1:13.840433;1
1:13.873800;1
1:13.907167;1
1:13.940533;1
1:13.973900;1
1:14.007267;1
1:14.040633;1
1:14.074000;1
1:14.107367;1
1:14.140733;1
1:14.174100;1
1:14.207467;1
1:14.240833;1
1:14.274200;1
1:14.374300;1
1:14.407667;1
1:14.441033;1
1:14.474400;1
1:14.507767;1
1:14.541133;1
1:14.574500;1
1:14.607867;1
1:14.641233;1
1:14.674600;1
1:14.707967;1
1:14.741333;1
1:14.774700;1
1:14.808067;1
1:14.841433;1
1:14.874800;1
1:14.908167;1
1:14.941533;1
1:14.974900;1
1:15.008267;1
1:15.041633;1
1:15.075000;1
1:15.108367;1
1:15.141733;1
1:15.175100;1
1:15.208467;1
1:15.241833;1
1:15.275200;1
1:15.308567;1
1:15.341933;1
1:15.375300;1
1:15.408667;1
1:15.442033;1
1:15.475400;1
1:15.508767;1
1:15.542133;1
1:15.575500;1
1:15.608867;1
1:15.642233;1
1:15.675600;1
1:15.708967;1
1:15.742333;1
1:15.775700;1
1:15.809067;1
1:15.842433;1
1:15.875800;1
1:15.909167;1
1:15.942533;1
1:15.975900;1
1:16.009267;1
1:16.042633;1
1:16.076000;1
1:16.109367;1
1:16.142733;1
1:16.176100;1
1:16.209467;1
1:16.242833;1
1:16.276200;1
1:16.309567;1
1:16.342933;1
1:16.376300;1
1:16.409667;1
1:16.443033;1
1:16.476400;1
1:16.509767;1
1:16.543133;1
1:16.576500;1
1:16.609867;1
1:16.643233;1
1:16.676600;1
1:16.709967;1
1:16.743333;1
1:16.776700;1
1:16.810067;1
1:16.843433;1
1:16.876800;1
1:16.910167;1
1:16.943533;1
1:16.976900;1
1:17.010267;1
1:17.043633;1
1:17.077000;1
1:17.110367;1
1:17.143733;1
1:17.177100;1
1:17.210467;1
1:17.243833;1
1:17.277200;1
1:17.310567;1
1:17.343933;1
1:17.377300;1
1:17.410667;1
1:17.444033;1
1:17.477400;1
1:17.510767;1
1:17.544133;1
1:17.577500;1
1:17.610867;1
1:17.644233;1
1:17.677600;1
1:17.710967;1
1:17.744333;1
1:17.777700;1
1:17.811067;1
1:17.844433;1
1:17.877800;1
1:17.911167;1
1:17.944533;1
1:17.977900;1
1:18.011267;1
1:18.044633;1
1:18.078000;1
1:18.111367;1
1:18.144733;1
1:18.178100;1
1:18.211467;1
1:18.244833;1
1:18.278200;1
1:18.311567;1
1:18.344933;1
1:18.378300;1
1:18.411667;1
1:18.445033;1
1:18.478400;1
1:18.511767;1
1:18.545133;1
1:18.578500;1
1:18.611867;1
1:18.645233;1
1:18.678600;1
1:18.711967;1
1:18.745333;1
1:18.778700;1
1:18.812067;1
1:18.845433;1
1:18.878800;1
1:18.912167;1
1:18.945533;1
1:18.978900;1
1:19.012267;1
1:19.045633;1
1:19.079000;1
1:19.112367;1
1:19.145733;1
1:19.179100;1
1:19.212467;1
1:19.245833;1
1:19.279200;1
1:19.312567;1
1:19.345933;1
1:19.379300;1
1:19.412667;1
1:19.446033;1
1:19.479400;1
1:19.512767;1
1:19.546133;1
1:19.579500;1
1:19.612867;1
1:19.646233;1
1:19.679600;1
1:19.712967;1
1:19.746333;1
1:19.779700;1
1:19.813067;1
1:19.846433;1
1:19.879800;1
1:19.913167;1
1:19.946533;1
1:19.979900;1
1:20.013267;1
1:20.046633;1
1:20.080000;1
1:20.113367;1
1:20.146733;1
1:20.180100;1
1:20.213467;1
1:20.246833;1
1:20.280200;1
1:20.313567;1
1:20.346933;1
1:20.380300;1
1:20.413667;1
1:20.447033;1
1:20.480400;1
1:20.513767;1
1:20.547133;1
1:20.580500;1
1:20.613867;1
1:20.647233;1
1:20.680600;1
1:20.713967;1
1:20.747333;1
1:20.780700;1
1:20.814067;1
1:20.847433;1
1:20.880800;1
1:20.914167;1
1:20.947533;1
1:20.980900;1
1:21.014267;1
1:21.047633;1
1:21.081000;1
1:21.114367;1
1:21.147733;1
1:21.181100;1
1:21.214467;1
1:21.247833;1
1:21.281200;1
1:21.314567;1
1:21.347933;1
1:21.381300;1
1:21.414667;1
1:21.448033;1
1:21.481400;1
1:21.514767;1
1:21.548133;1
1:21.581500;1
1:21.614867;1
1:21.648233;1
1:21.681600;1
1:21.714967;1
1:21.748333;1
1:21.781700;1
1:21.815067;1
1:21.848433;1
1:21.881800;1
1:21.915167;1
1:21.948533;1
1:21.981900;1
1:22.015267;1
1:22.048633;1
1:22.082000;1
1:22.115367;1
1:22.148733;1
1:22.182100;1
1:22.215467;1
1:22.248833;1
1:22.282200;1
1:22.315567;1
1:22.348933;1
1:22.382300;1
1:22.415667;1
1:22.449033;1
1:22.482400;1
1:22.515767;1
1:22.549133;1
1:22.582500;1
1:22.615867;1
1:22.649233;1
1:22.682600;1
1:22.715967;1
1:22.749333;1
1:22.782700;1
1:22.816067;1
1:22.849433;1
1:22.882800;1
1:22.916167;1
1:22.949533;1
1:22.982900;1
1:23.016267;1
1:23.049633;1
1:23.083000;1
1:23.116367;1
1:23.149733;1
1:23.183100;1
1:23.216467;1
1:23.249833;1
1:23.283200;1
1:23.316567;1
1:23.349933;1
1:23.383300;1
1:23.416667;1
1:23.450033;1
1:23.483400;1
1:23.516767;1
1:23.550133;1
1:23.583500;1
1:23.616867;1
1:23.650233;1
1:23.683600;1
1:23.716967;1
1:23.750333;1
1:23.783700;1
1:23.817067;1
1:23.850433;1
1:23.883800;1
1:23.917167;1
1:23.950533;1
1:23.983900;1
1:24.017267;1
1:24.050633;1
1:24.084000;1
1:24.117367;1
1:24.150733;1
1:24.184100;1
1:24.217467;1
1:24.250833;1
1:24.284200;1
1:24.317567;1
1:24.350933;1
1:24.384300;1
1:24.417667;1
1:24.451033;1
1:24.484400;1
1:24.517767;1
1:24.551133;1
1:24.584500;1
1:24.617867;1
1:24.651233;1
1:24.684600;1
1:24.717967;1
1:24.751333;1
1:24.784700;1
1:24.818067;1
1:24.851433;1
1:24.884800;1
1:24.918167;1
1:24.951533;1
1:24.984900;1
1:25.018267;1
1:25.051633;1
1:25.085000;1
1:25.118367;1
1:25.151733;1
1:25.185100;1
1:25.218467;1
1:25.251833;1
1:25.285200;1
1:25.318567;1
1:25.351933;1
1:25.385300;1
1:25.418667;1
1:25.452033;1
1:25.485400;1
1:25.518767;1
1:25.552133;1
1:25.585500;1
1:25.618867;1
1:25.652233;1
1:25.685600;1
1:25.718967;1
1:25.752333;1
1:25.785700;1
1:25.819067;1
1:25.852433;1
1:25.885800;1
1:25.919167;1
1:25.952533;1
1:25.985900;1
1:26.019267;1
1:26.052633;1
1:26.086000;1
1:26.119367;1
1:26.152733;1
1:26.186100;1
1:26.219467;1
1:26.252833;1
1:26.286200;1
1:26.319567;1
1:26.352933;1
1:26.386300;1
1:26.419667;1
1:26.453033;1
1:26.486400;1
1:26.519767;1
1:26.553133;1
1:26.586500;1
1:26.619867;1
1:26.653233;1
1:26.686600;1
1:26.719967;1
1:26.753333;1
1:26.786700;1
1:26.820067;1
1:26.853433;1
1:26.886800;1
1:26.920167;1
1:26.953533;1
1:26.986900;1
1:27.020267;1
1:27.053633;1
1:27.087000;1
1:27.120367;1
1:27.153733;1
1:27.187100;1
1:27.220467;1
1:27.253833;1
1:27.287200;1
1:27.520767;1
1:27.554133;1
1:27.587500;1
1:27.620867;1
1:27.654233;1
1:27.687600;1
1:27.720967;1
1:27.754333;1
1:27.787700;1
1:27.821067;1
1:27.854433;1
1:27.887800;1
1:27.921167;1
1:27.954533;1
1:27.987900;1
1:28.021267;1
1:28.054633;1
1:28.088000;1
1:28.121367;1
1:28.154733;1
1:28.188100;1
1:28.221467;1
1:28.254833;1
1:28.288200;1
1:28.321567;1
1:28.354933;1
1:28.388300;1
1:28.421667;1
1:28.455033;1
1:28.488400;1
1:28.521767;1
1:28.555133;1
1:28.588500;1
1:28.621867;1
1:28.655233;1
1:28.688600;1
1:28.721967;1
1:28.755333;1
1:28.788700;1
1:28.822067;1
1:28.855433;1
1:28.888800;1
1:28.922167;1
1:28.955533;1
1:28.988900;1
1:29.022267;1
1:29.055633;1
1:29.089000;1
1:29.122367;1
1:29.155733;1
1:29.189100;1
1:29.222467;1
1:29.255833;1
1:29.289200;1
1:29.322567;1
1:29.355933;1
1:29.389300;1
1:29.422667;1
1:29.456033;1
1:29.489400;1
1:29.522767;1
1:29.556133;1
1:29.589500;1
1:29.622867;1
1:29.656233;1
1:29.689600;1
1:29.722967;1
1:29.756333;1
1:29.789700;1
1:29.823067;1
1:29.856433;1
1:29.889800;1
1:29.923167;1
1:29.956533;1
1:29.989900;1
1:30.023267;1
1:30.056633;1
1:30.090000;1
1:30.123367;1
1:30.156733;1
1:30.190100;1
1:30.223467;1
1:30.256833;1
1:30.290200;1
1:30.323567;1
1:30.356933;1
1:30.390300;1
1:30.423667;1
1:30.457033;1
1:30.490400;1
1:30.523767;1
1:30.557133;1
1:30.590500;1
1:30.623867;1
1:30.657233;1
1:30.690600;1
1:30.723967;1
1:30.757333;1
1:30.790700;1
1:30.824067;1
1:30.857433;1
1:30.890800;1
1:30.924167;1
1:30.957533;1
1:30.990900;1
1:31.024267;1
1:31.057633;1
1:31.091000;1
1:31.124367;1
1:31.157733;1
1:31.191100;1
1:31.224467;1
1:31.257833;1
1:31.291200;1
1:31.324567;1
1:31.357933;1
1:31.391300;1
1:31.424667;1
1:31.458033;1
1:31.491400;1
1:31.524767;1
1:31.558133;1
1:31.591500;1
1:31.624867;1
1:31.658233;1
1:31.691600;1
1:31.724967;1
1:31.758333;1
1:31.791700;1
1:31.825067;1
1:31.858433;1
1:31.891800;1
1:31.925167;1
1:31.958533;1
1:31.991900;1
1:32.025267;1
1:32.058633;1
1:32.092000;1
1:32.125367;1
1:32.158733;1
1:32.192100;1
1:32.225467;1
1:32.258833;1
1:32.292200;1
1:32.325567;1
1:32.358933;1
1:32.392300;1
1:32.425667;1
1:32.459033;1
1:32.492400;1
1:32.525767;1
1:32.559133;1
1:32.592500;1
1:32.625867;1
1:32.659233;1
1:32.692600;1
1:32.725967;1
1:32.759333;1
1:32.792700;1
1:32.826067;1
1:32.859433;1
1:32.892800;1
1:32.926167;1
1:32.959533;1
1:32.992900;1
1:33.026267;1
1:33.059633;1
1:33.093000;1
1:33.126367;1
1:33.159733;1
1:33.193100;1
1:33.226467;1
1:33.259833;1
1:33.293200;1
1:33.326567;1
1:33.359933;1
1:33.393300;1
1:33.426667;1
1:33.460033;1
1:33.493400;1
1:33.526767;1
1:33.560133;1
1:33.593500;1
1:33.626867;1
1:33.660233;1
1:33.693600;1
1:33.726967;1
1:33.760333;1
1:33.793700;1
1:33.827067;1
1:33.860433;1
1:33.893800;1
1:33.927167;1
1:33.960533;1
1:33.993900;1
1:34.027267;1
1:34.060633;1
1:34.094000;1
1:34.127367;1
1:34.160733;1
1:34.194100;1
1:34.227467;1
1:34.260833;1
1:34.294200;1
1:34.327567;1
1:34.360933;1
1:34.394300;1
1:34.427667;1
1:34.461033;1
1:34.494400;1
1:34.527767;1
1:34.561133;1
1:34.594500;1
1:34.627867;1
1:34.661233;1
1:34.694600;1
1:34.727967;1
1:34.761333;1
1:34.794700;1
1:34.828067;1
1:34.861433;1
1:34.894800;1
1:34.928167;1
1:34.961533;1
1:34.994900;1
1:35.028267;1
1:35.061633;1
1:35.095000;1
1:35.128367;1
1:35.161733;1
1:35.195100;1
1:35.228467;1
1:35.261833;1
1:35.295200;1
1:35.328567;1
1:35.361933;1
1:35.395300;1
1:35.428667;1
1:35.462033;1
1:35.495400;1
1:35.528767;1
1:35.562133;1
1:35.595500;1
1:35.628867;1
1:35.662233;1
1:35.695600;1
1:35.728967;1
1:35.762333;1
1:35.795700;1
1:35.829067;1
1:35.862433;1
1:35.895800;1
1:35.929167;1
1:35.962533;1
1:35.995900;1
1:36.029267;1
1:36.062633;1
1:36.096000;1
1:36.129367;1
1:36.162733;1
1:36.196100;1
1:36.229467;1
1:36.262833;1
1:36.296200;1
1:36.329567;1
1:36.362933;1
1:36.396300;1
1:36.429667;1
1:36.463033;1
1:36.496400;1
1:36.529767;1
1:36.563133;1
1:36.596500;1
1:36.629867;1
1:36.663233;1
1:36.696600;1
1:36.729967;1
1:36.763333;1
1:36.796700;1
1:36.830067;1
1:36.863433;1
1:36.896800;1
1:36.930167;1
1:36.963533;1
1:36.996900;1
1:37.030267;1
1:37.063633;1
1:37.097000;1
1:37.130367;1
1:37.163733;1
1:37.197100;1
1:37.230467;1
1:37.263833;1
1:37.297200;1
1:37.330567;1
1:37.363933;1
1:37.397300;1
1:37.430667;1
1:37.464033;1
1:37.497400;1
1:37.530767;1
1:37.564133;1
1:37.597500;1
1:37.630867;1
1:37.664233;1
1:37.697600;1
1:37.730967;1
1:37.764333;1
1:37.797700;1
1:37.831067;1
1:37.864433;1
1:37.897800;1
1:37.931167;1
1:37.964533;1
1:37.997900;1
1:38.031267;1
1:38.064633;1
1:38.098000;1
1:38.131367;1
1:38.164733;1
1:38.198100;1
1:38.231467;1
1:38.264833;1
1:38.298200;1
1:38.331567;1
1:38.364933;1
1:38.398300;1
1:38.431667;1
1:38.465033;1
1:38.498400;1
1:38.531767;1
1:38.565133;1
1:38.598500;1
1:38.631867;1
1:38.665233;1
1:38.698600;1
1:38.731967;1
1:38.765333;1
1:38.798700;1
1:38.832067;1
1:38.865433;1
1:38.898800;1
1:38.932167;1
1:38.965533;1
1:38.998900;1
1:39.032267;1
1:39.065633;1
1:39.132367;1
1:39.165733;1
1:39.232467;1
1:39.265833;1
1:39.299200;1
1:39.332567;1
1:39.365933;1
1:39.399300;1
1:39.432667;1
1:39.466033;1
1:39.499400;1
1:39.532767;1
1:39.566133;1
1:39.599500;1
1:39.632867;1
1:39.666233;1
1:39.699600;1
1:39.732967;1
1:39.766333;1
1:39.799700;1
1:39.833067;1
1:39.866433;1
1:39.899800;1
1:39.933167;1
1:39.966533;1
1:39.999900;1
1:40.033267;1
1:40.066633;1
1:40.100000;1
1:40.133367;1
1:40.166733;1
1:40.200100;1
1:40.233467;1
1:40.266833;1
1:40.300200;1
1:40.333567;1
1:40.366933;1
1:40.400300;1
1:40.433667;1
1:40.467033;1
1:40.500400;1
1:40.533767;1
1:40.567133;1
1:40.600500;1
1:40.633867;1
1:40.667233;1
1:40.700600;1
1:40.733967;1
1:40.767333;1
1:40.800700;1
1:40.834067;1
1:40.867433;1
1:40.900800;1
1:40.934167;1
1:40.967533;1
1:41.034267;1
1:41.067633;1
1:41.101000;1
1:41.134367;1
1:41.167733;1
1:41.201100;1
1:41.234467;1
1:41.267833;1
1:41.334567;1
1:41.367933;1
1:41.401300;1
1:41.434667;1
1:41.468033;1
1:41.501400;1
1:41.534767;1
1:41.568133;1
1:41.601500;1
1:41.634867;1
1:41.668233;1
1:41.701600;1
1:41.734967;1
1:41.768333;1
1:41.801700;1
1:41.835067;1
1:41.868433;1
1:41.901800;1
1:41.935167;1
1:41.968533;1
1:42.001900;1
1:42.035267;1
1:42.068633;1
1:42.102000;1
1:42.135367;1
1:42.168733;1
1:42.202100;1
1:42.235467;1
1:42.268833;1
1:42.302200;1
1:42.335567;1
1:42.368933;1
1:42.402300;1
1:42.435667;1
1:42.469033;1
1:42.502400;1
1:42.535767;1
1:42.569133;1
1:42.602500;1
1:42.635867;1
1:42.669233;1
1:42.702600;1
1:42.735967;1
1:42.769333;1
1:42.802700;1
1:42.836067;1
1:42.869433;1
1:42.902800;1
1:42.936167;1
1:42.969533;1
1:43.002900;1
1:43.036267;1
1:43.069633;1
1:43.103000;1
1:43.136367;1
1:43.169733;1
1:43.203100;1
1:43.236467;1
1:43.269833;1
1:43.303200;1
1:43.336567;1
1:43.369933;1
1:43.403300;1
1:43.436667;1
1:43.470033;1
1:43.503400;1
1:43.536767;1
1:43.570133;1
1:43.603500;1
1:43.636867;1
1:43.670233;1
1:43.703600;1
1:43.736967;1
1:43.770333;1
1:43.803700;1
1:43.837067;1
1:43.870433;1
1:43.903800;1
1:43.937167;1
1:43.970533;1
1:44.003900;1
1:44.037267;1
1:44.070633;1
1:44.104000;1
1:44.137367;1
1:44.170733;1
1:44.204100;1
1:44.237467;1
1:44.270833;1
1:44.304200;1
1:44.337567;1
1:44.370933;1
1:44.404300;1
1:44.437667;1
1:44.471033;1
1:44.504400;1
1:44.537767;1
1:44.571133;1
1:44.604500;1
1:44.637867;1
1:44.671233;1
1:44.704600;1
1:44.737967;1
1:44.771333;1
1:44.804700;1
1:44.838067;1
1:44.871433;1
1:44.904800;1
1:44.938167;1
1:44.971533;1
1:45.004900;1
1:45.038267;1
1:45.071633;1
1:45.105000;1
1:45.138367;1
1:45.171733;1
1:45.205100;1
1:45.238467;1
1:45.271833;1
1:45.305200;1
1:45.338567;1
1:45.371933;1
1:45.405300;1
1:45.438667;1
1:45.472033;1
1:45.505400;1
1:45.538767;1
1:45.572133;1
1:45.605500;1
1:45.638867;1
1:45.672233;1
1:45.705600;1
1:45.738967;1
1:45.772333;1
1:45.805700;1
1:45.839067;1
1:45.872433;1
1:45.905800;1
1:45.939167;1
1:45.972533;1
1:46.005900;1
1:46.039267;1
1:46.072633;1
1:46.106000;1
1:46.139367;1
1:46.172733;1
1:46.206100;1
1:46.239467;1
1:46.272833;1
1:46.306200;1
1:46.339567;1
1:46.372933;1
1:46.406300;1
1:46.439667;1
1:46.473033;1
1:46.506400;1
1:46.539767;1
1:46.573133;1
1:46.606500;1
1:46.639867;1
1:46.673233;1
1:46.706600;1
1:46.739967;1
1:46.773333;1
1:46.806700;1
1:46.840067;1
1:46.873433;1
1:46.906800;1
1:46.940167;1
1:46.973533;1
1:47.006900;1
1:47.040267;1
1:47.073633;1
1:47.107000;1
1:47.140367;1
1:47.173733;1
1:47.207100;1
1:47.240467;1
1:47.273833;1
1:47.307200;1
1:47.340567;1
1:47.373933;1
1:47.407300;1
1:47.440667;1
1:47.474033;1
1:47.507400;1
1:47.540767;1
1:47.574133;1
1:47.607500;1
1:47.640867;1
1:47.674233;1
1:47.707600;1
1:47.740967;1
1:47.774333;1
1:47.807700;1
1:47.841067;1
1:47.874433;1
1:47.907800;1
1:47.941167;1
1:47.974533;1
1:48.007900;1
1:48.041267;1
1:48.074633;1
1:48.108000;1
1:48.141367;1
1:48.174733;1
1:48.208100;1
1:48.241467;1
1:48.274833;1
1:48.308200;1
1:48.341567;1
1:48.374933;1
1:48.408300;1
1:48.441667;1
1:48.475033;1
1:48.508400;1
1:48.541767;1
1:48.575133;1
1:48.608500;1
1:48.641867;1
1:48.675233;1
1:48.708600;1
1:48.741967;1
1:48.775333;1
1:48.808700;1
1:48.842067;1
1:48.875433;1
1:48.908800;1
1:48.942167;1
1:48.975533;1
1:49.008900;1
1:49.042267;1
1:49.075633;1
1:49.109000;1
1:49.142367;1
1:49.175733;1
1:49.209100;1
1:49.242467;1
1:49.275833;1
1:49.309200;1
1:49.342567;1
1:49.375933;1
1:49.409300;1
1:49.442667;1
1:49.476033;1
1:49.509400;1
1:49.542767;1
1:49.576133;1
1:49.609500;1
1:49.642867;1
1:49.676233;1
1:49.709600;1
1:49.809700;1
1:49.876433;1
1:49.909800;1
1:49.943167;1
1:49.976533;1
1:50.009900;1
1:50.043267;1
1:50.076633;1
1:50.110000;1
1:50.143367;1
1:50.176733;1
1:50.210100;1
1:50.243467;1
1:50.276833;1
1:50.310200;1
1:50.343567;1
1:50.376933;1
1:50.443667;1
1:50.477033;1
1:50.510400;1
1:50.543767;1
1:50.577133;1
1:50.610500;1
1:50.643867;1
1:50.677233;1
1:50.710600;1
1:50.743967;1
1:50.777333;1
1:50.810700;1
1:50.844067;1
1:50.877433;1
1:50.910800;1
1:50.977533;1
1:51.010900;1
1:51.077633;1
1:51.111000;1
1:51.144367;1
1:51.177733;1
1:51.211100;1
1:51.244467;1
1:51.311200;1
1:51.344567;1
1:51.377933;1
1:51.411300;1
1:51.444667;1
1:51.478033;1
1:51.511400;1
1:51.544767;1
1:51.578133;1
1:51.611500;1
1:51.644867;1
1:51.678233;1
1:51.744967;1
1:51.778333;1
1:51.811700;1
1:51.845067;1
1:51.878433;1
1:51.911800;1
1:51.945167;1
1:51.978533;1
1:52.011900;1
1:52.045267;1
1:52.078633;1
1:52.112000;1
1:52.145367;1
1:52.178733;1
1:52.212100;1
1:52.245467;1
1:52.278833;1
1:52.312200;1
1:52.345567;1
1:52.378933;1
1:52.412300;1
1:52.445667;1
1:52.479033;1
1:52.512400;1
1:52.545767;1
1:52.579133;1
1:52.612500;1
1:52.645867;1
1:52.679233;1
1:52.712600;1
1:52.745967;1
1:52.779333;1
1:52.812700;1
1:52.846067;1
1:52.879433;1
1:52.912800;1
1:52.946167;1
1:52.979533;1
1:53.012900;1
1:53.046267;1
1:53.079633;1
1:53.113000;1
1:53.146367;1
1:53.179733;1
1:53.213100;1
1:53.246467;1
1:53.279833;1
1:53.313200;1
1:53.346567;1
1:53.379933;1
1:53.413300;1
1:53.446667;1
1:53.480033;1
1:53.513400;1
1:53.546767;1
1:53.580133;1
1:53.613500;1
1:53.646867;1
1:53.680233;1
1:53.713600;1
1:53.746967;1
1:53.780333;1
1:53.813700;1
1:53.847067;1
1:53.880433;1
1:53.913800;1
1:53.947167;1
1:53.980533;1
1:54.013900;1
1:54.047267;1
1:54.080633;1
1:54.114000;1
1:54.147367;1
1:54.180733;1
1:54.214100;1
1:54.247467;1
1:54.280833;1
1:54.314200;1
1:54.347567;1
1:54.380933;1
1:54.414300;1
1:54.447667;1
1:54.481033;1
1:54.514400;1
1:54.547767;1
1:54.581133;1
1:54.614500;1
1:54.647867;1
1:54.681233;1
1:54.714600;1
1:54.747967;1
1:54.781333;1
1:54.814700;1
1:54.848067;1
1:54.881433;1
1:54.914800;1
1:54.948167;1
1:54.981533;1
1:55.014900;1
1:55.048267;1
1:55.081633;1
1:55.115000;1
1:55.148367;1
1:55.181733;1
1:55.215100;1
1:55.248467;1
1:55.281833;1
1:55.315200;1
1:55.348567;1
1:55.381933;1
1:55.415300;1
1:55.448667;1
1:55.482033;1
1:55.515400;1
1:55.548767;1
1:55.582133;1
1:55.615500;1
1:55.648867;1
1:55.682233;1
1:55.715600;1
1:55.748967;1
1:55.782333;1
1:55.815700;1
1:55.849067;1
1:55.882433;1
1:55.915800;1
1:55.949167;1
1:55.982533;1
1:56.015900;1
1:56.049267;1
1:56.082633;1
1:56.116000;1
1:56.149367;1
1:56.182733;1
1:56.216100;1
1:56.249467;1
1:56.282833;1
1:56.316200;1
1:56.349567;1
1:56.382933;1
1:56.416300;1
1:56.449667;1
1:56.483033;1
1:56.516400;1
1:56.549767;1
1:56.583133;1
1:56.616500;1
1:56.649867;1
1:56.683233;1
1:56.716600;1
1:56.749967;1
1:56.783333;1
1:56.816700;1
1:56.850067;1
1:56.883433;1
1:56.916800;1
1:56.950167;1
1:56.983533;1
1:57.016900;1
1:57.050267;1
1:57.083633;1
1:57.117000;1
1:57.150367;1
1:57.183733;1
1:57.217100;1
1:57.250467;1
1:57.283833;1
1:57.317200;1
1:57.350567;1
1:57.383933;1
1:57.417300;1
1:57.450667;1
1:57.484033;1
1:57.517400;1
1:57.550767;1
1:57.584133;1
1:57.617500;1
1:57.650867;1
1:57.684233;1
1:57.717600;1
1:57.750967;1
1:57.784333;1
1:57.817700;1
1:57.851067;1
1:57.984533;1
1:58.017900;1
1:58.051267;1
1:58.084633;1
1:58.118000;1
1:58.151367;1
1:58.184733;1
1:58.218100;1
1:58.251467;1
1:58.284833;1
1:58.318200;1
1:58.351567;1
1:58.384933;1
1:58.418300;1
1:58.451667;1
1:58.485033;1
1:58.518400;1
1:58.551767;1
1:58.585133;1
1:58.618500;1
1:58.651867;1
1:58.685233;1
1:58.718600;1
1:58.751967;1
1:58.785333;1
1:58.818700;1
1:58.852067;1
1:58.885433;1
1:58.918800;1
1:58.952167;1
1:58.985533;1
1:59.018900;1
1:59.052267;1
1:59.085633;1
1:59.119000;1
1:59.152367;1
1:59.185733;1
1:59.219100;1
1:59.252467;1
1:59.352567;1
1:59.385933;1
1:59.486033;1
1:59.552767;1
1:59.652867;1
1:59.686233;1
1:59.719600;1
1:59.752967;1
1:59.786333;1
1:59.819700;1
1:59.853067;1
1:59.886433;1
1:59.919800;1
1:59.953167;1
1:59.986533;1
2:0.019900;1
2:0.053267;1
2:0.086633;1
2:0.120000;1
2:0.153367;1
2:0.186733;1
2:0.220100;1
2:0.253467;1
2:0.286833;1
2:0.320200;1
2:0.353567;1
2:0.386933;1
2:0.420300;1
2:0.453667;1
2:0.487033;1
2:0.520400;1
2:0.553767;1
2:0.587133;1
2:0.620500;1
2:0.653867;1
2:0.687233;1
2:0.720600;1
2:0.753967;1
2:0.787333;1
2:0.820700;1
2:0.854067;1
2:0.887433;1
2:0.920800;1
2:0.954167;1
2:0.987533;1
2:1.020900;1
2:1.054267;1
2:1.087633;1
2:1.121000;1
2:1.154367;1
2:1.187733;1
2:1.221100;1
2:1.254467;1
2:1.287833;1
2:1.321200;1
2:1.354567;1
2:1.387933;1
2:1.421300;1
2:1.454667;1
2:1.521400;1
2:1.554767;1
2:1.588133;1
2:1.621500;1
2:1.654867;1
2:1.688233;1
2:1.721600;1
2:1.754967;1
2:1.788333;1
2:1.821700;1
2:1.855067;1
2:1.888433;1
2:1.921800;1
2:1.955167;1
2:1.988533;1
2:2.021900;1
2:2.055267;1
2:2.088633;1
2:2.122000;1
2:2.155367;1
2:2.188733;1
2:2.222100;1
2:2.255467;1
2:2.288833;1
2:2.322200;1
2:2.355567;1
2:2.388933;1
2:2.422300;1
2:2.455667;1
2:2.489033;1
2:2.522400;1
2:2.555767;1
2:2.589133;1
2:2.622500;1
2:2.655867;1
2:2.689233;1
2:2.722600;1
2:2.755967;1
2:2.789333;1
2:2.822700;1
2:2.856067;1
2:2.889433;1
2:2.922800;1
2:2.956167;1
